{
"AL" : [32.7396323,-86.8434593],
"AK" : [63.346191,-152.8370679],
"AZ" : [34.2099643,-111.602401],
"AR" : [34.8955256,-92.4446262],
"CA" : [37.148573,-119.5406515],
"CO" : [38.9935752,-105.5077737],
"CT" : [41.5797842,-72.7466666],
"DE" : [38.9935501,-75.4473739],
"DC" : [38.9041485,-77.0170942],
"FL" : [28.4574302,-82.4091478],
"GA" : [32.629384,-83.4232125],
"HI" : [19.809767,-155.5061027],
"ID" : [44.3020948,-114.5956254],
"IL" : [40.1028754,-89.1526108],
"IN" : [39.9030256,-86.2839503],
"IA" : [42.0700243,-93.4933473],
"KS" : [38.4985464,-98.3834298],
"KY" : [37.5336807,-85.2929841],
"LA" : [30.8577705,-91.803273],
"ME" : [45.3906022,-68.6574869],
"MD" : [38.9466584,-76.6744939],
"MA" : [42.1565196,-71.4895915],
"MI" : [44.8410835,-85.6593197],
"MN" : [46.3161343,-94.1994801],
"MS" : [32.6864655,-89.6561493],
"MO" : [38.35075,-92.4567826],
"MT" : [47.0511771,-109.6348174],
"NE" : [41.5438105,-99.8123253],
"NV" : [39.3310928,-116.6151469],
"NH" : [43.6708595,-71.5811278],
"NJ" : [40.1072744,-74.6652012],
"NM" : [34.4391265,-106.1261511],
"NY" : [42.9133974,-75.5962723],
"NC" : [35.53971,-79.1308636],
"ND" : [47.4569538,-100.4619304],
"OH" : [40.4149297,-82.7119975],
"OK" : [35.5894185,-97.4868683],
"OR" : [43.9715225,-120.6226269],
"PA" : [40.9042486,-77.8280624],
"RI" : [41.5978358,-71.5252895],
"SC" : [33.8741769,-80.8542699],
"SD" : [44.4467957,-100.2381762],
"TN" : [35.8585639,-86.3493573],
"TX" : [31.4347032,-99.2818238],
"UT" : [39.3349735,-111.6563633],
"VT" : [44.0605475,-72.673354],
"VA" : [37.5222512,-78.6681938],
"WA" : [47.4162296,-120.5996231],
"WV" : [38.6472854,-80.6183274],
"WI" : [44.628484,-89.7119299],
"WY" : [42.9918024,-107.5419255],
"PR" : [18.217648,-66.4107992]
}